"employee_id","department_name","gender","job_title"
47107,ASSEMBLY COMMON     ,,BORING OPERATOR
9566,ASSEMBLY,female,
52,,,
1816,HOUSEKEEPING,male,
2,Administration,,
43,Administration,,
44,Administration,,
5,Administration,,
47456,,,
1609,ASSEMBLY,male,
1610,ASSEMBLY,male,
1611,ASSEMBLY,male,
1612,ASSEMBLY,male,
1613,ASSEMBLY,female,
1614,SURFACE TREATMENT,male,
51777,,,
47261,ASSEMBLY COMMON     ,,BORING OPERATOR
1077,ASSEMBLY,male,
1225,ASSEMBLY,male,
1598,ASSEMBLY,male,
1132,ASSEMBLY,male,
47522,,,
29437,PRODUCTION,male,
47553,WELDING COMMON      ,female,BORING OPERATOR
30,WELDING COMMON      ,,BORING
47427,ASSEMBLY COMMON     ,,
47174,,,
2282,MOULDING,male,
1801,HOUSEKEEPING,male,
817,ASSEMBLY,male,
2232,MOULDING,male,
47331,ASSEMBLY COMMON     ,,
2360,ASSEMBLY,male,
9600,ASSEMBLY,female,
47450,ASSEMBLY COMMON     ,,
2992,ASSEMBLY,male,
2326,MOULDING,male,
2324,MOULDING,male,
29402,PRODUCTION,female,
811,ASSEMBLY,male,
1053,ASSEMBLY,male,
2838,,male,
2999,ASSEMBLY,male,
3000,ASSEMBLY,female,
29473,PRODUCTION,male,
51751,,,
1619,ASSEMBLY,male,
1620,ASSEMBLY,male,
1621,ASSEMBLY,male,
2499,SECURITY,male,
714,ASSEMBLY,female,
1623,ASSEMBLY,male,
51792,,,
924,SURFACE TREATMENT,male,
51793,,,
1624,ASSEMBLY,male,
1596,ASSEMBLY,male,
1625,ASSEMBLY,male,
1626,ASSEMBLY,male,
1627,ASSEMBLY,male,
3001,ASSEMBLY,female,
3002,ASSEMBLY,male,
1060,ASSEMBLY,female,
3003,ASSEMBLY,male,
51774,,,
1061,ASSEMBLY,male,
31,PRODUCTION ENGG     ,,BUFFING OP
51775,,,
1062,ASSEMBLY,male,
1063,ASSEMBLY,male,
51776,,female,EXECUTIVE
3004,ASSEMBLY,male,
1064,ASSEMBLY,male,
1791,,male,
1065,ASSEMBLY,male,
1827,HOUSEKEEPING,male,
1066,ASSEMBLY,male,
1067,ASSEMBLY,male,
1068,ASSEMBLY,male,
1069,ASSEMBLY,male,
1070,ASSEMBLY,male,
1071,ASSEMBLY,female,
3005,ASSEMBLY,male,
3006,ASSEMBLY,male,
3007,ASSEMBLY,male,
3008,ASSEMBLY,male,
3009,ASSEMBLY,male,
3010,ASSEMBLY,male,
3011,ASSEMBLY,male,
3012,ASSEMBLY,male,
3013,ASSEMBLY,male,
29475,PRODUCTION,male,
29476,PRODUCTION,male,
1078,ASSEMBLY,male,
29477,PRODUCTION,male,
1085,ASSEMBLY,male,
1041,ASSEMBLY,male,
1042,,male,
1043,ASSEMBLY,male,
1044,DISPATCH,male,
1045,ASSEMBLY,male,
1046,ASSEMBLY,male,
1047,SURFACE TREATMENT,female,
1048,SURFACE TREATMENT,female,
1049,QUALITY,male,
1050,ASSEMBLY,male,
1051,ASSEMBLY,male,
1052,ASSEMBLY,female,
1054,DISPATCH,male,
1055,ASSEMBLY,male,
1056,ASSEMBLY,male,
1057,ASSEMBLY,male,
1058,ASSEMBLY,male,
1059,ASSEMBLY,male,
1072,ASSEMBLY,male,
1073,DISPATCH,male,
1074,ASSEMBLY,male,
1075,ASSEMBLY,male,
1076,ASSEMBLY,male,
6,Administration,,
9218,,,
2207,MOULDING,male,
53,Administration,,
51744,,,
47,Administration,,
12141,,,
29532,Administration,,
56,Administration,,
46,,,
47452,,,
47453,,,
57,Administration,,
47454,,,
47455,,,
12140,,,
29,,,
33,,,
34,,,
39,Administration,,
1142,ASSEMBLY,male,
1124,ASSEMBLY,male,
1125,ASSEMBLY,male,
1126,ASSEMBLY,male,
1127,ASSEMBLY,male,
1128,ASSEMBLY,male,
29539,,,
1129,ASSEMBLY,male,
1130,ASSEMBLY,male,
29406,PRODUCTION,male,
29403,PRODUCTION,male,
29411,PRODUCTION,male,
29407,PRODUCTION,male,
1131,ASSEMBLY,male,
1133,ASSEMBLY,male,
1136,ASSEMBLY,male,
1137,ASSEMBLY,male,
1138,ASSEMBLY,male,
1139,ASSEMBLY,male,
1140,ASSEMBLY,male,
1141,ASSEMBLY,male,
29424,PRODUCTION,male,
29427,PRODUCTION,male,
29429,PRODUCTION,male,
29428,PRODUCTION,male,
29562,Administration,,
47515,,,
29430,PRODUCTION,male,
29431,PRODUCTION,male,
51746,,,
29434,PRODUCTION,male,
47516,,,
29435,PRODUCTION,male,
29436,PRODUCTION,male,
47517,,,
47518,,,
47519,,,
47520,,,
29432,PRODUCTION,male,
29426,PRODUCTION,male,
29425,PRODUCTION,male,
29439,PRODUCTION,male,
29440,PRODUCTION,male,
29441,PRODUCTION,male,
29442,PRODUCTION,male,
29443,PRODUCTION,male,
29444,PRODUCTION,male,
3505,MOULDING,female,
3506,ASSEMBLY,female,
3507,MOULDING,female,
3508,SURFACE TREATMENT,female,
29445,PRODUCTION,male,
1232,SURFACE TREATMENT,male,
1203,ASSEMBLY,male,
1204,ASSEMBLY,male,
1205,ASSEMBLY,male,
1206,ASSEMBLY,male,
1207,SURFACE TREATMENT,male,
1208,ASSEMBLY,male,
1209,SURFACE TREATMENT,male,
1210,ASSEMBLY,male,
1211,ASSEMBLY,male,
1212,ASSEMBLY,male,
1213,ASSEMBLY,male,
1214,ASSEMBLY,male,
1215,ASSEMBLY,male,
1216,ASSEMBLY,female,
1217,ASSEMBLY,male,
1218,ASSEMBLY,male,
1219,ASSEMBLY,male,
1220,ASSEMBLY,male,
1221,ASSEMBLY,male,
1222,ASSEMBLY,female,
1223,ASSEMBLY,male,
1224,ASSEMBLY,male,
1226,ASSEMBLY,male,
1227,ASSEMBLY,male,
1228,ASSEMBLY,male,
1229,SURFACE TREATMENT,male,
1230,SURFACE TREATMENT,male,
1231,SURFACE TREATMENT,male,
29454,PRODUCTION,male,
607,ASSEMBLY,male,
608,ASSEMBLY,male,
609,ASSEMBLY,male,
610,ASSEMBLY,male,
611,ASSEMBLY,male,
612,ASSEMBLY,male,
613,ASSEMBLY,male,
614,ASSEMBLY,male,
615,ASSEMBLY,female,
616,ASSEMBLY,male,
617,SURFACE TREATMENT,male,
618,SURFACE TREATMENT,male,
619,ASSEMBLY,male,
620,ASSEMBLY,male,
621,SURFACE TREATMENT,male,
622,SURFACE TREATMENT,male,
623,ASSEMBLY,male,
29455,PRODUCTION,male,
29456,PRODUCTION,male,
624,ASSEMBLY,male,
625,ASSEMBLY,male,
626,ASSEMBLY,male,
628,ASSEMBLY,male,
629,ASSEMBLY,male,
29457,PRODUCTION,male,
29458,PRODUCTION,male,
29459,PRODUCTION,male,
29460,PRODUCTION,male,
29417,PRODUCTION,male,
29418,PRODUCTION,male,
29461,PRODUCTION,male,
29462,PRODUCTION,male,
29464,PRODUCTION,male,
29465,PRODUCTION,male,
29466,PRODUCTION,male,
29467,PRODUCTION,male,
51723,,,
29468,PRODUCTION,male,
29469,PRODUCTION,male,
2293,QUALITY,male,
3543,ASSEMBLY,female,
2993,ASSEMBLY,male,
29470,PRODUCTION,male,
2994,ASSEMBLY,male,
2995,ASSEMBLY,male,
29471,PRODUCTION,male,
51720,ADMINISTRATION,female,Contract Labour - Direct
9594,DISPATCH,male,
2996,ASSEMBLY,male,
2997,SURFACE TREATMENT,female,
3275,ASSEMBLY,male,
1616,SURFACE TREATMENT,male,
2826,,male,
3525,ASSEMBLY,male,
2998,QUALITY,female,
29472,PRODUCTION,male,
47523,,,
1615,SURFACE TREATMENT,male,
1617,SURFACE TREATMENT,male,
1618,ASSEMBLY,male,
1079,ASSEMBLY,male,
1080,ASSEMBLY,male,
1081,ASSEMBLY,male,
1082,ASSEMBLY,male,
1083,ASSEMBLY,male,
1084,ASSEMBLY,male,
29446,PRODUCTION,male,
29447,PRODUCTION,male,
29448,PRODUCTION,male,
29449,PRODUCTION,male,
29450,PRODUCTION,male,
29451,PRODUCTION,male,
713,ASSEMBLY,male,
29414,PRODUCTION,male,
29421,PRODUCTION,male,
2419,DISPATCH,male,
2420,ASSEMBLY,male,
2421,ASSEMBLY,male,
29452,PRODUCTION,male,
2423,SURFACE TREATMENT,male,
2424,SURFACE TREATMENT,male,
841,ASSEMBLY,male,
2425,SURFACE TREATMENT,male,
2426,ASSEMBLY,female,
2427,ASSEMBLY,male,
2428,SURFACE TREATMENT,female,
2429,ASSEMBLY,female,
2430,SURFACE TREATMENT,female,
2431,ASSEMBLY,male,
2432,ASSEMBLY,male,
2433,ASSEMBLY,male,
2434,ASSEMBLY,female,
2435,ASSEMBLY,male,
2436,ASSEMBLY,male,
2437,ASSEMBLY,male,
2438,ASSEMBLY,female,
2439,ASSEMBLY,male,
2440,ASSEMBLY,male,
2441,ASSEMBLY,male,
2442,ASSEMBLY,male,
2443,ASSEMBLY,male,
2444,ASSEMBLY,male,
29453,PRODUCTION,male,
29423,PRODUCTION,male,
29422,PRODUCTION,male,
29463,PRODUCTION,male,
2500,SECURITY,male,
2501,SECURITY,female,
2502,SECURITY,female,
2503,SECURITY,male,
2504,SECURITY,male,
2505,SECURITY,male,
2506,SECURITY,male,
2507,SECURITY,male,
2508,SECURITY,male,
2509,SECURITY,male,
2510,SECURITY,male,
2511,SECURITY,male,
2512,SECURITY,male,
950,ASSEMBLY,male,
916,SURFACE TREATMENT,male,
917,SURFACE TREATMENT,male,
918,QUALITY,male,
737,ASSEMBLY,male,
702,ASSEMBLY,male,
703,ASSEMBLY,male,
705,ASSEMBLY,male,
706,ASSEMBLY,male,
707,ASSEMBLY,male,
708,ASSEMBLY,male,
709,ASSEMBLY,male,
710,ASSEMBLY,female,
711,ASSEMBLY,male,
712,ASSEMBLY,male,
715,ASSEMBLY,female,
716,ASSEMBLY,female,
717,ADMINISTRATION,male,
718,SURFACE TREATMENT,male,
719,ASSEMBLY,male,
720,ASSEMBLY,male,
721,QUALITY,male,
722,ASSEMBLY,male,
723,ASSEMBLY,male,
724,ASSEMBLY,female,
725,ASSEMBLY,male,
726,ASSEMBLY,male,
727,ASSEMBLY,male,
728,ASSEMBLY,male,
729,ASSEMBLY,male,
730,ASSEMBLY,male,
731,ASSEMBLY,male,
732,ASSEMBLY,male,
733,ASSEMBLY,male,
735,ASSEMBLY,male,
736,ASSEMBLY,male,
845,ASSEMBLY,male,
810,ASSEMBLY,male,
812,ASSEMBLY,male,
813,ASSEMBLY,male,
814,ASSEMBLY,female,
815,ASSEMBLY,female,
816,ASSEMBLY,female,
818,ASSEMBLY,male,
820,ASSEMBLY,female,
821,ASSEMBLY,male,
822,ASSEMBLY,male,
823,ASSEMBLY,male,
824,ASSEMBLY,male,
825,ASSEMBLY,male,
826,ASSEMBLY,male,
827,ASSEMBLY,male,
828,ASSEMBLY,female,
829,ASSEMBLY,male,
830,ASSEMBLY,male,
831,ASSEMBLY,male,
832,ASSEMBLY,male,
833,ASSEMBLY,male,
834,ASSEMBLY,male,
835,ASSEMBLY,male,
836,ASSEMBLY,male,
837,ASSEMBLY,male,
838,ASSEMBLY,male,
839,ASSEMBLY,male,
840,ASSEMBLY,male,
843,ASSEMBLY,male,
844,ASSEMBLY,male,
919,ASSEMBLY,male,
920,ASSEMBLY,male,
921,SURFACE TREATMENT,male,
922,SURFACE TREATMENT,male,
923,SURFACE TREATMENT,male,
819,ASSEMBLY,male,
925,QUALITY,female,
926,QUALITY,female,
927,SURFACE TREATMENT,male,
929,ASSEMBLY,male,
930,SURFACE TREATMENT,male,
931,SURFACE TREATMENT,male,
932,SURFACE TREATMENT,male,
933,SURFACE TREATMENT,male,
934,SURFACE TREATMENT,male,
935,SURFACE TREATMENT,male,
936,SURFACE TREATMENT,male,
937,SURFACE TREATMENT,male,
938,ASSEMBLY,male,
939,ASSEMBLY,male,
940,ASSEMBLY,male,
941,ASSEMBLY,male,
942,ASSEMBLY,male,
943,ASSEMBLY,male,
944,ASSEMBLY,male,
945,ASSEMBLY,male,
946,ASSEMBLY,male,
948,ASSEMBLY,male,
949,ASSEMBLY,male,
2513,SECURITY,male,
2514,SECURITY,male,
2515,SECURITY,male,
2516,SECURITY,male,
2517,SECURITY,male,
2518,SECURITY,male,
2519,SECURITY,male,
2520,SECURITY,male,
2521,SECURITY,male,
2522,SECURITY,male,
2523,SECURITY,male,
2524,SECURITY,male,
2525,SECURITY,male,
29474,PRODUCTION,male,
29478,PRODUCTION,male,
29479,PRODUCTION,male,
47524,,,
29490,PRODUCTION,male,
29491,PRODUCTION,male,
29480,PRODUCTION,male,
47525,,,
47526,,,
47527,,,
29482,PRODUCTION,male,
29483,PRODUCTION,male,
29484,PRODUCTION,male,
29485,PRODUCTION,male,
29486,PRODUCTION,male,
29487,PRODUCTION,male,
29488,PRODUCTION,male,
29489,PRODUCTION,male,
1628,STORE,male,
1597,ASSEMBLY,male,
1599,ASSEMBLY,male,
1600,ASSEMBLY,male,
29492,PRODUCTION,male,
29493,PRODUCTION,male,
29494,PRODUCTION,male,
29495,PRODUCTION,male,
29496,PRODUCTION,male,
3509,QUALITY,male,
3510,ASSEMBLY,male,
3511,MOULDING,female,
3513,SURFACE TREATMENT,male,
3514,SURFACE TREATMENT,male,
3515,ASSEMBLY,male,
3516,SURFACE TREATMENT,male,
3517,MOULDING,female,
3518,MOULDING,female,
3519,MOULDING,male,
3520,MOULDING,male,
3521,MOULDING,male,
29497,PRODUCTION,male,
29498,PRODUCTION,male,
29499,PRODUCTION,male,
29500,PRODUCTION,male,
29501,PRODUCTION,male,
29502,PRODUCTION,male,
29503,PRODUCTION,male,
29504,PRODUCTION,male,
29505,PRODUCTION,male,
29506,PRODUCTION,male,
29507,PRODUCTION,male,
29519,PRODUCTION,male,
29521,PRODUCTION,male,
29509,PRODUCTION,male,
29510,PRODUCTION,male,
29514,PRODUCTION,male,
29515,PRODUCTION,male,
29517,PRODUCTION,male,
1601,ASSEMBLY,female,
1602,ASSEMBLY,female,
1603,ASSEMBLY,female,
1604,ASSEMBLY,female,
1605,ASSEMBLY,female,
1606,ASSEMBLY,male,
1607,ASSEMBLY,male,
1608,ASSEMBLY,male,
9569,,male,
29508,PRODUCTION,male,
29513,PRODUCTION,male,
29516,PRODUCTION,male,
47528,,,
47530,,,
47532,,,
47533,,,
47534,,,
47535,,,
9557,STORE,male,OPERATOR
9617,ASSEMBLY,male,
9558,ASSEMBLY,female,
9559,ASSEMBLY,male,
9560,SURFACE TREATMENT,male,
9561,STORE,male,
9562,DISPATCH,male,
9563,ASSEMBLY,female,
9564,ASSEMBLY,female,
9565,ASSEMBLY,female,
9567,DISPATCH,male,
9568,DISPATCH,male,
47529,,,
47531,,,
12111,PRODUCTION,male,STORE HELPER
29550,Administration,,
9570,DISPATCH,male,
9572,ASSEMBLY,male,
9574,STORE,male,
9575,ASSEMBLY,male,
9576,ASSEMBLY,male,
9577,ASSEMBLY,female,
9578,ASSEMBLY,female,
3547,ASSEMBLY,female,
3548,ASSEMBLY,male,
3542,ASSEMBLY,male,
3544,ASSEMBLY,female,
3545,ASSEMBLY,female,
3546,SURFACE TREATMENT,male,
3489,MOULDING,female,
3490,MOULDING,female,
3491,TOOL ROOM,female,
3492,ASSEMBLY,female,
9579,ASSEMBLY,female,
9580,ASSEMBLY,female,
9581,ASSEMBLY,male,
9582,DISPATCH,male,
9583,STORE,male,
9571,DISPATCH,male,
3488,MOULDING,female,
9584,STORE,male,
9585,ASSEMBLY,female,
9586,ASSEMBLY,male,
9587,ASSEMBLY,male,
9588,ASSEMBLY,male,
9589,ASSEMBLY,male,
9590,ASSEMBLY,female,
9591,ASSEMBLY,female,
9592,DISPATCH,male,
9593,DISPATCH,male,
9595,DISPATCH,male,
9596,ASSEMBLY,male,
9597,ASSEMBLY,male,
9598,ASSEMBLY,male,
9599,ASSEMBLY,male,
9601,ASSEMBLY,female,
9602,ASSEMBLY,male,
9603,ASSEMBLY,male,
9604,ASSEMBLY,male,
9605,ASSEMBLY,male,
9606,ASSEMBLY,male,
3215,STORE,male,
9607,ASSEMBLY,male,
9608,ASSEMBLY,male,
9609,ASSEMBLY,male,
9610,ASSEMBLY,male,
9611,DISPATCH,male,
9612,DISPATCH,male,
9613,ASSEMBLY,male,
9614,STORE,male,
9615,ASSEMBLY,male,
9616,ASSEMBLY,male,
29553,,,
3198,STORE,male,
3289,ASSEMBLY,male,
3199,STORE,male,
3200,DISPATCH,male,
3201,ASSEMBLY,female,
3202,STORE,male,
3203,STORE,male,
3204,DISPATCH,male,
3205,DISPATCH,male,
3206,ASSEMBLY,male,
3207,DISPATCH,male,
3208,ASSEMBLY,male,
3209,ASSEMBLY,male,
3210,ASSEMBLY,male,
3211,SURFACE TREATMENT,male,
3212,SURFACE TREATMENT,male,
3213,,male,
3214,ASSEMBLY,male,
3216,ASSEMBLY,female,
3217,ASSEMBLY,male,
3218,STORE,male,
3220,ASSEMBLY,male,
3221,ASSEMBLY,male,
3223,,male,
3222,SURFACE TREATMENT,male,
3224,DISPATCH,male,
3225,ASSEMBLY,male,
3226,ASSEMBLY,male,
3227,DISPATCH,male,
3228,DISPATCH,male,
3229,DISPATCH,male,
3230,DISPATCH,male,
3231,,male,
3232,STORE,male,
3233,ASSEMBLY,male,
3234,ASSEMBLY,male,
3235,ASSEMBLY,male,
3236,ASSEMBLY,male,
3237,ASSEMBLY,male,
3238,ASSEMBLY,male,
3239,ASSEMBLY,male,
3240,ASSEMBLY,male,
3241,ASSEMBLY,male,
3242,STORE,male,
3243,ASSEMBLY,female,
3244,SURFACE TREATMENT,male,
3245,SURFACE TREATMENT,male,
3246,SURFACE TREATMENT,male,
3248,ASSEMBLY,male,
3247,DISPATCH,male,
3249,DISPATCH,male,
3250,ASSEMBLY,male,
3251,ASSEMBLY,male,
3252,DISPATCH,male,
3253,ASSEMBLY,male,
3254,DISPATCH,male,
3255,ASSEMBLY,male,
3256,ASSEMBLY,male,
3257,ASSEMBLY,male,
3258,SURFACE TREATMENT,male,
3259,ASSEMBLY,male,
3260,ASSEMBLY,male,
3261,SURFACE TREATMENT,male,
3262,ASSEMBLY,male,
3263,DISPATCH,male,
3264,ASSEMBLY,male,
3265,ASSEMBLY,male,
3266,ASSEMBLY,male,
3267,DISPATCH,male,
3268,DISPATCH,male,
3269,ASSEMBLY,male,
3270,SURFACE TREATMENT,male,
3273,ASSEMBLY,male,
3272,ASSEMBLY,male,
3274,ASSEMBLY,male,
3276,ASSEMBLY,male,
3277,ASSEMBLY,male,
3278,ASSEMBLY,male,
3279,DISPATCH,male,
3280,STORE,male,
3281,ASSEMBLY,male,
3282,ASSEMBLY,male,
3283,ASSEMBLY,male,
3284,ASSEMBLY,male,
3286,DISPATCH,male,
3287,DISPATCH,male,
3288,ASSEMBLY,male,
1790,,male,
47353,,,
47354,,,
47355,,,
47356,,,
47357,,,
47352,,,
47358,,,
47092,,,
47093,,,
47094,,,
47095,,,
1853,HOUSEKEEPING,male,
1779,HOUSEKEEPING,female,
1780,HOUSEKEEPING,male,
1781,HOUSEKEEPING,male,
1782,HOUSEKEEPING,male,
1783,,male,
1784,,male,
1785,,male,
3285,ASSEMBLY,male,
1786,HOUSEKEEPING,male,
1788,HOUSEKEEPING,female,
1787,HOUSEKEEPING,male,
1789,HOUSEKEEPING,male,
1792,HOUSEKEEPING,female,
1793,HOUSEKEEPING,male,
1794,HOUSEKEEPING,male,
1795,HOUSEKEEPING,male,
1797,HOUSEKEEPING,female,
1798,HOUSEKEEPING,male,
1799,HOUSEKEEPING,male,
1800,HOUSEKEEPING,male,
1802,HOUSEKEEPING,male,
1803,HOUSEKEEPING,male,
1804,HOUSEKEEPING,male,
1805,HOUSEKEEPING,male,
1806,HOUSEKEEPING,male,
1807,H.K,female,
1808,H.K,female,
1809,HOUSEKEEPING,male,
1810,SURFACE TREATMENT,male,
1811,HOUSEKEEPING,male,
1812,HOUSEKEEPING,male,
1813,HOUSEKEEPING,female,
1814,HOUSEKEEPING,male,
1815,HOUSEKEEPING,male,
1817,HOUSEKEEPING,male,
1796,HOUSEKEEPING,male,
1818,SURFACE TREATMENT,male,
1819,HOUSEKEEPING,male,
1820,HOUSEKEEPING,male,
1821,HOUSEKEEPING,male,
1823,HOUSEKEEPING,male,
1824,HOUSEKEEPING,male,
1825,HOUSEKEEPING,male,
1826,HOUSEKEEPING,male,
1828,HOUSEKEEPING,male,
1829,HOUSEKEEPING,male,
1830,HOUSEKEEPING,male,
1831,HOUSEKEEPING,male,
1832,HOUSEKEEPING,male,
1833,HOUSEKEEPING,male,
1834,HOUSEKEEPING,male,
1835,HOUSEKEEPING,male,
1837,HELPER,male,
1838,HELPER,male,
1839,HELPER,male,
1840,ASSEMBLY,male,
1841,ASSEMBLY,male,
1842,ASSEMBLY,male,
1843,ASSEMBLY,male,
1844,ASSEMBLY,male,
1845,ASSEMBLY,female,
1846,ASSEMBLY,male,
1847,HOUSEKEEPING,female,
1848,HOUSEKEEPING,male,
1850,HOUSEKEEPING,male,
1852,HOUSEKEEPING,male,
47096,,,
47098,,,
47099,,,
47101,,,
47102,,,
47103,,,
47104,,,
47105,,,
47106,,,
47108,,,
47110,,,
47111,,,
47113,,,
47114,,,
47115,,,
47116,,,
47117,,,
47118,,,
47097,,,
47100,,,
1851,OHC,male,
47119,,,
47120,,,
47121,,,
47123,,,
47125,,,
47126,,,
47127,,,
47128,,,
47129,,,
3493,ASSEMBLY,female,
3494,SURFACE TREATMENT,male,
3495,SURFACE TREATMENT,male,
3496,MOULDING,female,
3497,ASSEMBLY,female,
3498,MOULDING,male,
3499,SURFACE TREATMENT,male,
3500,MOULDING,male,
3501,ASSEMBLY,female,
3502,ASSEMBLY,female,
3504,ASSEMBLY,male,
3503,ASSEMBLY,female,
3522,ASSEMBLY,male,
3523,ASSEMBLY,male,
3524,MOULDING,male,
3527,ASSEMBLY,male,
47124,,,
3528,MOULDING,male,
3529,MOULDING,male,
3530,QUALITY,male,
3531,SURFACE TREATMENT,male,
3532,ASSEMBLY,female,
3533,MAINTENANCE,male,
3534,ASSEMBLY,male,
3535,SURFACE TREATMENT,female,
3536,ASSEMBLY,male,
3537,SURFACE TREATMENT,female,
3538,ASSEMBLY,female,
47130,,,
47131,,,
47132,,,
47133,,,
47134,,,
47135,,,
47138,,,
47139,,,
47140,,,
47141,,,
47143,,,
47144,,,
47145,,,
47146,,,
47136,,,
47147,,,
47148,,,
47149,,,
47150,,,
47151,,,
47152,,,
47153,,,
47154,,,
47155,,,
47157,,,
47158,,,
47159,,,
47160,,,
47162,,,
47164,,,
47165,,,
47166,,,
47167,,,
47168,,,
47169,,,
47170,,,
47172,,,
47163,,,
47156,,,
47175,,,
2947,,male,
704,ASSEMBLY,male,
2839,,male,
47173,,,
2840,,male,
2841,,female,
2842,,male,
2843,,male,
2844,,male,
2845,,male,
2846,,male,
2847,,male,
2848,,male,
2849,,male,
2850,,male,
2851,,male,
2852,,male,
2853,,female,
2854,,male,
2828,,male,
2837,,male,
2855,,male,
2856,,male,
2857,,male,
2858,,male,
2859,,male,
2860,,male,
2861,,male,
2862,,male,
2863,,male,
2864,,male,
2865,,male,
2866,,male,
2867,,female,
2868,,male,
2869,,male,
2870,,male,
2871,,male,
2872,,female,
2873,,female,
2874,,male,
2875,,male,
2876,,male,
2877,,male,
2878,,female,
2879,,male,
2880,,male,
2881,,female,
2882,,female,
2883,,male,
2884,,male,
2885,,male,
2886,,male,
2887,,male,
2888,,male,
2889,,male,
2890,,female,
2891,,female,
2892,,male,
2893,,male,
2894,,male,
2895,,female,
2896,,female,
2897,,male,
2898,,male,
2899,,male,
2900,,male,
2901,,female,
2902,,male,
2903,,female,
2904,,male,
2905,,male,
2906,,male,
2907,,male,
2908,,male,
2909,,male,
2910,,male,
2911,,female,
2912,,male,
2913,,female,
2914,,male,
2915,,male,
2916,,male,
2917,,male,
2918,,male,
2919,,male,
2920,,male,
2921,,male,
2922,,female,
2923,,male,
2924,,male,
2925,,male,
2926,,male,
2927,,male,
2928,,female,
2929,,male,
2366,ASSEMBLY,female,
2317,MOULDING,male,
2319,ASSEMBLY,male,
2320,MOULDING,male,
2930,,male,
2932,,female,
2321,MOULDING,male,
2196,MOULDING,female,
2197,MOULDING,male,
2198,MOULDING,female,
2199,MOULDING,female,
2200,MOULD CHENGER,male,
2201,MOULDING,male,
2202,MOULDING,male,
2203,MOULDING,male,
2204,MOULDING,male,
2205,MOULDING,male,
2206,MOULDING,male,
47176,,,
2208,MOULDING,female,
2209,MOULDING,male,
2210,MOULD CHENGER,male,
2211,MOULDING,female,
2212,MOULDING,male,
2213,MOULD CHENGER,male,
2214,MOULD CHENGER,male,
2215,ASSEMBLY,female,
2216,MOULDING,male,
2217,MOULDING,male,
2218,MOULDING,male,
2219,MOULDING,male,
2221,MOULDING,male,
2222,MOULDING,male,
2223,MOULDING,male,
2224,MOULDING,male,
2225,MOULD CHENGER,male,
2226,MOULD CHENGER,male,
2228,MOULDING,male,
2230,MOULDING,male,
2233,MOULDING,male,
2234,,female,
2235,MOULDING,male,
2236,MOULDING,male,
2237,SURFACE TREATMENT,female,
2239,ASSEMBLY,female,
2240,ASSEMBLY,female,
2241,ASSEMBLY,male,
2242,MOULDING,male,
2220,DISPATCH,male,
2243,MOULDING,female,
2244,MOULDING,male,
2245,MOULDING,male,
2246,QUALITY,male,
2247,QUALITY,male,
2248,MOULDING,male,
2249,MOULDING,male,
2250,MOULDING,male,
2251,MOULDING,female,
2252,MOULDING,male,
2253,SURFACE TREATMENT,male,
2254,QUALITY,male,
2255,SURFACE TREATMENT,male,
2256,ASSEMBLY,male,
2257,ASSEMBLY,male,
2258,ASSEMBLY,female,
2259,ASSEMBLY,male,
2260,QUALITY,female,
2261,ASSEMBLY,male,
2262,SURFACE TREATMENT,male,
2263,ASSEMBLY,female,
2264,ASSEMBLY,male,
2265,SURFACE TREATMENT,male,
2266,MOULDING,female,
2267,MOULDING,male,
2268,MOULDING,male,
2269,ASSEMBLY,male,
2270,SURFACE TREATMENT,male,
2271,SURFACE TREATMENT,male,
2272,MOULDING,male,
2273,MOULDING,male,
2276,MOULDING,male,
2277,MOULDING,male,
2278,SURFACE TREATMENT,male,
2279,SURFACE TREATMENT,male,
2280,MOULDING,male,
2281,MOULDING,male,
2275,ADMINISTRATION,female,
2283,SURFACE TREATMENT,male,
2284,MOULDING,male,
2286,MOULDING,male,
2287,QUALITY,male,
2288,QUALITY,male,
2289,QUALITY,male,
2290,QUALITY,male,
2291,QUALITY,male,
2292,QUALITY,male,
2294,MOULDING,male,
2296,MOULDING,male,
2297,MOULDING,male,
2298,MOULDING,male,
2299,MOULDING,male,
2300,MOULDING,male,
2301,MOULDING,female,
2302,ASSEMBLY,male,
2303,SURFACE TREATMENT,male,
2304,MOULDING,male,
2305,ASSEMBLY,male,
2285,MOULDING,male,
2307,ASSEMBLY,male,
2308,ASSEMBLY,male,
2310,MOULDING,male,
2311,MOULDING,male,
2312,MOULDING,male,
2313,MOULDING,male,
2314,MOULDING,male,
2309,MOULDING,male,
2315,MOULDING,male,
2316,MOULDING,male,
2322,SURFACE TREATMENT,male,
2323,MOULDING,male,
2325,MOULDING,male,
2327,MOULDING,male,
2328,MOULDING,male,
2329,ASSEMBLY,female,
2330,ASSEMBLY,female,
2331,MOULDING,male,
2332,MOULDING,male,
2333,ASSEMBLY,male,
2334,QUALITY,male,
2336,SURFACE TREATMENT,female,
2337,SURFACE TREATMENT,male,
2338,SURFACE TREATMENT,male,
2340,SURFACE TREATMENT,male,
2341,ASSEMBLY,male,
2342,ASSEMBLY,female,
2343,ASSEMBLY,female,
2339,SURFACE TREATMENT,male,
2335,SURFACE TREATMENT,male,
2344,ASSEMBLY,male,
2345,SURFACE TREATMENT,male,
2346,SURFACE TREATMENT,male,
2347,QUALITY,male,
2348,ASSEMBLY,female,
2349,ASSEMBLY,female,
2350,ASSEMBLY,male,
2351,ASSEMBLY,female,
2352,ASSEMBLY,male,
2353,ASSEMBLY,male,
2354,ASSEMBLY,male,
2355,ASSEMBLY,male,
2356,ASSEMBLY,male,
2357,ASSEMBLY,male,
2358,ASSEMBLY,male,
2359,ASSEMBLY,male,
2361,ASSEMBLY,male,
2362,ASSEMBLY,male,
2363,ASSEMBLY,male,
2364,ASSEMBLY,male,
2365,ASSEMBLY,male,
2931,,male,
2933,,female,
2934,,male,
2935,,male,
2936,,male,
2937,,male,
2938,,male,
2939,,male,
2940,,male,
2941,,male,
2942,,male,
2943,,male,
2944,,male,
2945,,male,
2946,,male,
47178,,,
3540,ASSEMBLY,male,
3539,ASSEMBLY,female,
3541,ASSEMBLY,female,
47179,,,
47180,,,
47181,,,
47182,,,
47183,,,
47184,,,
47245,,,
47185,,,
47186,,,
47187,,,
47188,,,
47189,,,
47190,,,
47192,,,
47195,,,
47196,,,
47194,,,
47193,,,
47197,,,
47198,,,
47200,,,
47201,,,
47202,,,
47203,,,
47205,,,
47206,,,
47207,,,
47208,,,
47209,,,
47210,,,
47211,,,
47213,,,
47214,,,
47215,,,
47216,,,
47217,,,
47219,,,
47220,,,
47221,,,
47223,,,
47212,,,
47226,,,
47227,,,
47228,,,
47230,,,
47231,,,
47233,,,
47236,,,
47239,,,
47241,,,
47242,,,
47243,,,
47244,,,
47246,,,
47247,,,
47249,,,
47250,,,
47252,,,
47253,,,
47229,,,
47232,,,
47235,,,
47254,,,
47255,,,
47257,,,
47258,,,
47259,,,
627,ASSEMBLY,male,HOUSEKEEPER
47262,,,
47263,,,
47264,,,
47265,,,
47266,,,
47267,,,
47269,,,
47270,,,
47271,,,
47272,,,
47273,,,
47274,,,
47276,,,
47277,,,
47278,,,
47279,,,
47281,,,
47282,,,
47256,,,
47260,,,
47283,,,
47284,,,
47285,,,
47286,,,
47287,,,
47288,,,
47289,,,
47290,,,
47291,,,
47292,,,
47293,,,
47294,,,
47295,,,
47296,,,
47297,,,
47298,,,
47299,,,
47300,,,
47301,,,
47302,,,
47304,,,
47307,,,
47308,,,
47303,,,
47310,,,
47334,,,
47335,,,
47337,,,
47338,,,
47332,,,
47312,,,
47318,,,
47319,,,
47321,,,
47324,,,
51750,,,
47325,,,
47326,,,
47329,,,
47333,,,
47336,,,
47341,,,
47342,,,
47343,,,
47344,,,
47346,,,
47347,,,
47348,,,
47349,,,
47350,,,
47351,,,
47359,,,
47360,,,
47361,,,
47362,,,
47363,,,
47364,,,
47365,,,
47366,,,
47367,,,
47368,,,
47369,,,
47370,,,
47371,,,
47372,,,
47373,,,
47374,,,
47375,,,
47376,,,
47377,,,
47378,,,
47379,,,
47380,,,
47381,,,
47382,,,
47383,,,
47384,,,
47385,,,
47386,,,
47387,,,
47389,,,
47390,,,
47391,,,
47392,,,
47393,,,
47394,,,
47395,,,
47396,,,
47397,,,
47398,,,
47399,,,
47400,,,
47401,,,
47402,,,
47403,,,
47404,,,
47405,,,
47406,,,
47407,,,
47408,,,
47409,,,
47410,,,
47411,,,
47412,,,
47413,,,
47414,,,
47416,,,
47417,,,
47421,,,
47422,,,
47424,,,
47415,,,
47419,,,
47426,,,
47448,,,
47449,,,
47451,,,
47457,,,
47458,,,
47459,,,
47434,,,
47435,,,
47436,,,
47437,,,
47438,,,
47439,,,
47447,ASSEMBLY COMMON     ,,
47460,,,
47461,,,
47462,,,
47463,,,
47464,,,
47465,,,
47466,,,
47467,,,
47468,,,
47469,,,
47470,,,
47471,,,
47472,,,
47473,,,
47474,,,
47475,,,
47476,,,
47477,,,
47478,,,
47479,,,
47480,,,
47481,,,
47482,,,
47483,,,
47484,,,
47485,,,
47486,,,
47487,,,
47488,,,
47489,,,
47490,,,
47491,,,
47492,,,
47493,,,
47494,,,
47495,,,
47496,,,
47497,,,
47498,,,
47499,,,
47500,,,
47501,,,
47502,,,
47503,,,
47504,,,
47505,,,
47506,,,
47507,,,
47508,,,
47509,,,
47510,,,
47511,,,
47512,,,
47536,,,
47537,,,
47514,,,
47538,,,
47539,,,
47540,,,
47541,,,
47542,,,
47544,,,
47545,,,
47547,,,
47548,,,
47549,,,
47552,,,
47543,,,
47546,,,
32,PRODUCTION ENGG     ,,ROBO OPERATOR
47550,,,
47551,,,
35,,,
37,,,
38,,,
47320,,,
29413,PRODUCTION,male,
47311,,,
2827,,male,
29410,PRODUCTION,male,
29416,PRODUCTION,male,
29520,PRODUCTION,male,
3219,STORE,male,
3271,ASSEMBLY,male,
47177,HR & ADMIN          ,,
29548,Administration,,
47425,,,
36,,,
29541,Administration,,
47122,,,
47251,,,
1836,HOUSEKEEPING,male,
2836,,male,
2227,SURFACE TREATMENT,male,
2238,ASSEMBLY,male,
47317,,,
47323,,,
47432,,,
47433,,,
47191,,,
47513,,,
12110,PRODUCTION,male,WELDER
29408,PRODUCTION,male,
29409,PRODUCTION,male,
29415,PRODUCTION,male,
1134,ASSEMBLY,male,
1135,ASSEMBLY,male,
1622,ASSEMBLY,male,
2422,SURFACE TREATMENT,male,
29512,PRODUCTION,male,
29518,PRODUCTION,male,
47521,,,
47112,,,
47234,,,
47240,,,
47313,,,
47314,,,
47315,,,
47316,,,
47322,,,
47428,,,
47429,,,
47430,,,
47431,,,
47225,,,
47199,,,
47109,,,
47137,,,
47161,,,
47204,,,
47218,,,
47222,,,
47224,,,
47237,,,
47238,,,
47248,,,
47268,,,
47275,,,
47280,,,
47305,,,
47306,,,
47309,,,
47327,,,
47328,,,
47330,,,
47339,,,
47340,,,
47345,,,
47388,,,
47418,,,
47420,,,
47423,,,
47440,,,
47441,,,
47442,,,
47443,,,
47444,,,
47445,,,
47446,,,
29412,PRODUCTION,male,
29419,PRODUCTION,male,
29420,PRODUCTION,male,
29433,PRODUCTION,male,
29438,PRODUCTION,male,
29481,PRODUCTION,male,
29511,PRODUCTION,male,
51714,,,
51715,,,
51716,,,
51717,,,
51718,,,
51719,,,
2295,MOULDING,male,
2306,ASSEMBLY,male,
734,ASSEMBLY,male,
842,ASSEMBLY,male,
928,SURFACE TREATMENT,male,
947,ASSEMBLY,male,
9573,ASSEMBLY,male,
1849,HOUSEKEEPING,male,
3526,MOULDING,male,
2829,,male,
2830,,male,
2831,,male,
2832,,male,
2833,,male,
2834,,male,
2835,,male,
2318,MOULDING,male,
2229,MOULDING,male,
2274,MOULDING,male,
47142,,,
51741,,,
3512,ASSEMBLY,female,HELPER
1822,HOUSEKEEPING,male,
2231,MOULDING,male,
